ticker,ticker_original,currprice,roe,pctchg52wks,beta,peratio,eps,avgvol,beta_impute,currprice_impute,pctchg52wks_impute,avgvol_impute,peratio_impute,roe_impute,eps_impute
VNQ,F,9.36,6.09,-2.92,0.97,13.92,0.54,36603920,0,0,0,0,1,0,0
CJP,AAPL,217.73,44.23,0.76,1.08,18.66,11.78,26373220,0,0,0,0,0,1,0
NIU,PFE,36.46,19.49,-15.35,0.43,17.01,2.16,25785811,0,0,0,0,0,0,0
WYV,MSFT,135.83,42.41,20.42,0.97,26.93,8.04,24449374,0,0,0,0,0,0,1
ULL,WFC,48.46,12.09,-10.13,1.21,10.09,4.84,19720512,0,0,0,1,0,0,0
UGT,C,68.96,9.26,-2.14,1.88,9.71,7.19,13820020,1,0,0,0,0,0,0
UGS,XOM,75.04,9.41,-11.84,1.27,17.79,4.15,10744490,1,0,0,0,0,0,0
CRI,QCOM,77.58,24.3,4.44,1.51,28.61,2.73,10720426,0,0,0,0,0,0,0
ZEF,KR,26.1,20.12,-11.3,0.76,12.92,2.01,10663955,0,0,0,0,0,0,0
NFK,CVS,63.3,8.9,-21.88,1,17.39,3.65,8171668,0,0,1,0,0,0,0
RGQ,GPS,18.96,26.91,-31.27,0.78,7.56,2.45,7081280,0,0,0,0,0,0,0
NNM,V,176.17,34.84,19.29,1.21,33.85,5.21,6793855,1,0,0,0,0,0,0
MVW,DVN,27.24,12.98,-28.5,1.27,3.28,8.56,6752279,1,0,0,0,0,0,0
NQE,AM,7.65,2.77,-54.63,1.24,19.33,0.4,6568796,0,0,0,0,0,1,0
WEI,EMN,74.91,15.63,-23.59,1.39,11.44,6.5,6071918.579,0,0,0,1,0,0,0
MUV,WMT,116.54,17.51,21.1,0.65,26.14,4.42,5652846,0,0,0,0,0,0,0
GWP,TGT,107.25,27.34,21.99,0.62,17.71,6.04,5479538,0,0,0,0,0,0,0
JIN,ODP,1.67,1.46,-48.8,2.32,29.82,0.057,5387124.919,0,0,0,1,0,0,0
DSY,JWN,34.29,51.82,-44.47,0.69,11.74,3.03,5290293,0,0,0,0,0,0,0
CRM,BK,46.38,9.48,-9.14,1.05,12.13,3.85,5003141,0,0,0,0,0,0,0
BRW,AES,15.84,17.04,16.36,0.72,26.62,0.6,4943719,0,0,0,0,0,1,0
MQR,ABT,83.91,9.21,-16.67,0.81,51.24,1.63,4935190,0,0,1,0,0,0,0
OJC,MTG,12.63,17.94,0.85,1.4,7.29,3.15,4589215,0,0,0,0,0,0,1
QJW,BBT,52.52,10.8,5.71,1.22,13.07,4.04,4476719,0,0,0,0,0,0,0
CZK,GIS,53.7,23.52,23.59,0.9,18.8,2.9,3954166,0,0,0,0,0,0,0
ZVN,INTC,51.9,27.24,13.23,0.7,12.13,4.3,3865301.753,0,0,0,1,0,0,0
DBK,IBM,142.56,47.98,-0.36,1.56,14.7,9.69,3778844,0,0,1,0,0,0,0
NNT,UNH,232.82,24.2,-10.96,0.7,17.61,13.31,3751852,0,0,0,0,0,0,1
TCN,ADM,41.43,7.01,-15.44,1.02,18.05,2.32,3719922,0,0,0,0,0,0,0
NDS,PHM,35.21,19.49,30.25,0.49,10.68,3.29,3557887,0,0,0,0,0,0,0
QVI,LUV,54.39,24.06,-11.48,1.74,12.96,4.31,3552115,0,0,0,0,0,0,0
YZN,HON,167.04,39.55,4.38,1.23,17.58,9.45,3331347.099,0,0,0,1,0,0,0
YWF,AFL,51.53,11.97,9.84,0.51,12.62,4.1,3281522,0,0,0,0,0,0,0
XHN,SLM,9.22,19.22,-18.03,1.69,7.67,2.47,3241073,0,0,0,0,0,0,1
BQU,AMGN,196.16,61.92,-4.08,0.8,15.42,12.6,3182452,0,0,0,0,0,0,1
ZUV,NI,29.18,2.88,12.04,0.31,87.18,0.33,2997801,0,0,0,0,1,0,0
JIG,MCD,209.3,44.43,31.46,0.33,27.24,7.61,2859987,0,0,0,0,0,1,0
GCA,CAH,47.5,22.01,-8.75,1.65,10.77,4.53,2853655,0,0,0,0,0,0,0
QVN,DUK,93.83,7.14,13.67,0.12,20.64,5.29,2708131,0,0,0,0,0,0,1
APQ,SYY,77.95,51.47,5.67,0.61,24.12,3.2,2675119,0,0,0,0,0,1,0
MRW,K,63.4,26.54,-13.06,0.77,11.66,2.49,2661749,0,0,0,0,1,0,0
SBP,A,77.32,23.02,11.93,1.28,23.07,3.34,2564639,0,0,0,0,0,0,0
RTI,ZION,44.45,11.3,-12.29,1.52,10.88,4.15,2364149,0,0,0,0,0,0,0
DNK,PEG,60.82,10.13,14.52,0.88,21.13,2.88,2271684,1,0,0,0,0,0,0
OYY,BEN,29.56,11.63,-6.07,1.08,10.95,2.71,2259531.166,0,0,0,1,0,0,0
AGM,BLL,72.76,13.81,60.73,0.52,47.47,1.53,2258044,0,0,0,0,0,0,0
HWZ,CPB,46.07,38.15,16.67,0.79,66.82,0.7,2234634,0,0,0,0,1,0,0
LTX,NUE,52.3,22.81,-17.29,1.18,7.46,7.1,2128777,1,0,0,0,0,0,0
FMV,CTXS,95.66,92.36,-12.82,0.72,25.89,3.72,2039308.076,0,0,0,1,0,0,0
QAD,HLT,95.06,57.45,17.97,0.92,34.48,2.71,1945236,0,0,0,0,0,0,0
MTM,OMC,79.58,45.88,13.95,0.39,13.27,5.95,1795853,0,0,0,0,0,0,0
RGJ,PCAR,71.03,25.76,-0.24,1.39,10.45,6.79,1676344,0,0,0,0,0,0,0
BLH,KBH,30.21,12.74,-6.14,1.18,12.02,2.52,1667015,0,0,1,0,0,0,0
YSR,ED,89.89,8.29,12.3,0.18,21.43,4.2,1610698,0,0,0,0,0,0,0
FXO,CB,158.68,7.21,14.36,0.6,19.44,8.16,1576322,0,0,0,0,0,0,0
ECK,KLAC,148.76,54.68,45.95,1.56,20.19,7.49,1561912,0,0,1,0,0,0,0
XVK,TMO,295.41,12.84,23.52,1.14,33.75,8.76,1477690,0,0,0,0,0,0,0
GHC,KSS,52.11,13.45,-33.25,1.12,11.68,4.53,1448401.098,0,0,0,1,0,0,0
CCL,YUM,110.48,64.66,25.2,0.41,26.33,4.2,1436361,0,0,0,0,0,1,0
XPZ,SRE,142.02,12.15,20.87,0.3,20.41,6.94,1356979,0,0,0,0,0,0,0
DQM,RHI,56.42,40.85,-20.74,1.42,15.03,3.8,1300855,0,0,0,0,0,0,0
LTF,IR,124.03,20.84,19.84,1.17,21.47,5.77,1268131,0,0,0,0,0,0,0
GSU,G,39.23,19.95,-8.48,1.06,26.62,1.48,1223973,0,0,1,0,0,0,0
KTR,ECL,197.28,18.68,0.24,0.67,37.43,5.12,1185842,0,0,1,0,0,0,0
QHF,IFF,126.26,8.94,-11.73,0.54,36.61,3.34,1146365,0,0,0,0,0,0,0
XMI,UN,59.77,76.18,5.9,0.35,23.57,2.53,1081044,0,0,0,0,0,0,0
JWJ,LMT,388.9,87.33,-9.11,1.18,19.14,15.63,1056671,0,0,1,0,0,0,0
QAL,SWK,144.94,8.16,-4.73,1.19,32.36,4.44,1026041,1,0,0,0,0,0,0
BCX,SYK,217,33.17,23.66,1.01,17.93,9.35,1007400,0,0,0,0,1,0,0
CRH,DOV,99.05,21.36,11.78,1.73,24.28,4.09,913026,0,0,0,0,0,0,0
QHY,FMC,91.04,24.98,22.04,1.17,24.65,3.69,898749,0,0,0,0,0,0,0
YTU,PH,180.36,25.57,-5.14,1.81,15.61,11.48,842249,0,0,0,0,0,0,0
MQA,GPC,98.02,21.84,-3.38,0.86,18.14,5.38,758092,0,0,0,0,0,0,0
OGS,HI,31.25,19.56,-39.43,1.34,15.44,2.22,737787,0,0,0,0,1,0,0
HQG,CINF,112.56,14.36,43.91,0.55,15.09,6.69,665549,0,0,0,0,0,0,1
WYX,BR,123.4,43.4,-7.75,0.68,30.75,4.06,645793,0,0,0,0,0,0,0
DKB,DDS,66.35,7.86,-16.86,1.22,11.45,4.94,562103,0,0,0,0,1,0,0
SQK,R,53.04,11.51,-29.2,2.06,11.65,5.91,511126,0,0,0,0,1,0,0
BYI,LSI,102.39,10.23,8.14,0.29,23.06,4.47,365914,0,0,0,0,0,0,0
WRZ,SUN,31.81,24.31,11.09,0.91,20.39,1.53,283611,1,0,0,0,0,0,0